sample,aligned_id,sequence,candidate,allowed_for_generation,rgb_source,lwir_source,lwir_model,rgb_crop_offset_xy,lwir_crop_offset_xy,rule_source,rgb_valid_ratio,lwir_valid_ratio,intersection_valid_ratio,eval_rgb_to_mm5_aligned_rgb_ncc,eval_rgb_to_mm5_aligned_rgb_edge_distance,eval_rgb_to_mm5_aligned_rgb_valid_ratio,eval_rgb_to_mm5_aligned_rgb_score,eval_rgb_to_mm5_aligned_rgb_mi,eval_lwir_to_mm5_aligned_t16_ncc,eval_lwir_to_mm5_aligned_t16_edge_distance,eval_lwir_to_mm5_aligned_t16_valid_ratio,eval_lwir_to_mm5_aligned_t16_score,eval_lwir_to_mm5_aligned_t16_mi,eval_cross_rgb_lwir_ncc,eval_cross_rgb_lwir_edge_distance,eval_cross_rgb_lwir_valid_ratio,eval_cross_rgb_lwir_score,eval_cross_rgb_lwir_mi,method,lwir_crop_mode,transform_type,board_transform_name,board_transform_inliers,board_transform_mae_px,board_transform_rmse_px,board_transform_matrix,depth_registration_dx_px,depth_registration_dy_px,stabilization_kernel_px,fill_depth_border,uses_aligned_for_generation,anti_ghost_feather_px,anti_ghost_erode_px,max_support_area_frac,calibration_file,thermal_camera_calibration_file,target_size,phase29_class,phase29_profile,phase29_support_mode,phase29_selection_uses_aligned,phase29_selector_version,phase29_version_label,phase29_candidate_grid,phase29_run_mode,phase29_report_level,phase29_explainability_level,phase29_reliability_gate,phase29_failure_focus,raw_score,raw_symmetric_edge_distance,raw_lwir_to_rgb_edge_distance,raw_rgb_to_lwir_edge_distance,raw_lwir_to_depth_edge_distance,raw_depth_to_lwir_edge_distance,target_local_symmetric_edge_distance,target_local_lwir_to_rgb_edge_distance,target_local_rgb_to_lwir_edge_distance,target_local_lwir_to_depth_edge_distance,target_local_depth_to_lwir_edge_distance,target_local_edge_p70,target_local_edge_p90,target_local_lwir_edge_pixels,target_local_rgb_edge_pixels,target_local_depth_edge_pixels,edge_stability_score,target_local_depth_edge_p90,raw_lwir_edge_pixels,raw_rgb_edge_pixels,raw_depth_edge_pixels,support_pixels,support_ratio,support_compactness,thermal_support_overlap,thermal_depth_overlap,support_thermal_overlap,thermal_support_centroid_distance_px,thermal_pixels,rejected_background_pixels,tear_risk_pixels,ghost_edge_ratio,alpha_edge_overlap,depth_discontinuity_pixels,support_penalty,compactness_penalty,fill_penalty,depth_edge_penalty,overlap_penalty,centroid_penalty,phase29_scene_class,phase29_selected,phase29_selection_reason,sample_id,baseline_candidate,baseline_raw_score,baseline_eval_lwir_to_mm5_aligned_t16_edge_distance,phase29_edge_improvement_vs_baseline,phase29_sample_pass,phase29_selector_eligible,phase29_selector_rejection,phase29_selector_adjusted_score,phase29_selector_rule,phase29_selector_shift_delta_dx,phase29_selector_shift_delta_dy,phase29_selector_shift_l1,phase29_selector_raw_improvement,phase29_selector_edge_growth,phase29_selector_support_ratio,phase29_selector_target_edge_gain,phase29_selector_target_p90_gain,phase29_selector_context_edge_delta,phase29_selector_version_effective,phase29_selector_reliability_gate,phase29_selector_v9_note,phase29_oracle_candidate,phase29_oracle_edge_distance,phase29_oracle_sample_pass,phase29_oracle_improvement_vs_selected,phase29_oracle_improvement_vs_baseline,phase29_oracle_selection_uses_aligned,phase29_oracle_note,phase29_reliability_label,phase29_reliability_score,phase29_reliability_reason,phase29_hard_ceiling,phase29_selector_gap,eval_target_rgb_to_mm5_aligned_rgb_ncc,eval_target_rgb_to_mm5_aligned_rgb_edge_distance,eval_target_rgb_to_mm5_aligned_rgb_valid_ratio,eval_target_rgb_to_mm5_aligned_rgb_score,eval_target_rgb_to_mm5_aligned_rgb_mi,eval_target_lwir_to_mm5_aligned_t16_ncc,eval_target_lwir_to_mm5_aligned_t16_edge_distance,eval_target_lwir_to_mm5_aligned_t16_valid_ratio,eval_target_lwir_to_mm5_aligned_t16_score,eval_target_lwir_to_mm5_aligned_t16_mi,eval_target_cross_rgb_lwir_ncc,eval_target_cross_rgb_lwir_edge_distance,eval_target_cross_rgb_lwir_valid_ratio,eval_target_cross_rgb_lwir_score,eval_target_cross_rgb_lwir_mi,target_support_pixels,target_eval_pixels,target_eval_fallback_valid,phase29_v9_support_gated,phase29_v9_gate_mode,phase29_v9_gate_pixels,phase29_v9_background_value,phase29_v9_target_value,phase29_v9_valid_ratio
023_seq305,23,305,p29_baseline,True,phase21_fixed_rgb_canvas,phase24_affine_lwir_subpixel_shift_depth_fill_then_morph_close,,"[296, 103]","[280, 115]","Phase29 candidate generated from calibration files, raw RGB/LWIR/depth, Phase24 board-affine geometry, Phase25 depth projection support, and raw-only scene reliability scoring. MM5 aligned images are evaluation-only.",1.0,0.9317578125,0.9317578125,0.9929981827735901,0.10403645038604736,1.0,1.1547430153730078,1.082460342011559,0.9477844834327698,1.407812476158142,0.9317578125,1.2007811182016275,1.7429567308387108,-0.23350155353546143,0.5880146622657776,0.9317578125,-0.2076850029926365,0.19563092344279726,p29_baseline,board_all_median_floor,affine,affine_lmeds,1496,5.984659671783447,7.825484275817871,"[[0.964242690293037, 0.13137386244365368, -26.99199754875218], [-0.06631033534806513, 0.9894192701549352, 24.920322865264623]]",3.5,2.0,9,True,False,3.0,2,0.1,calibration/def_stereocalib_THERM.yml,calibration/def_thermalcam_ori.yml,640x480,broad_generalization_raw_only_selection,broad,baseline,False,v6,v9,support-v9,strict-selected,research,full,strict,all,13.867855569893475,5.6665012538433075,0.5689186453819275,10.764083862304688,18.877721786499023,18.99268913269043,4.901218056678772,0.6948130130767822,9.107623100280762,23.071571350097656,19.904956817626953,6.225050002336502,10.98250013589859,360,4271,287,2.010908231139183,32.12661552429199,479,7106,524,4841,0.015758463541666667,0.5472009915306755,1.0,1.0,0.5735154017148301,46.38735241602594,1604,944,1903,0.8353841946951053,0.5610576923076923,524,0.0,0.011196033877298284,0.0,3.12,0.0,0.8920644695389603,general,True,selector v6 retained baseline; best raw improvement 0.1647; safety filters rejected candidates (p29_depth_conservative: depth/reflection/edge guard candidates are diagnostic-only by default; p29_reflection_guard: depth/reflection/edge guard candidates are diagnostic-only by default; p29_small_target_guard: raw improvement -0.1222 is below 0.6500; +18 more rejected),023_seq305,p29_baseline,13.867855569893475,1.407812476158142,0.0,True,True,,13.867855569893475,v6_baseline,0.0,0.0,0.0,0.0,1.0,1.0,0.0,0.0,0.0,v6,strict,v6 baseline row; aligned metrics are not used for selection.,p29_raw_shift_dx2p5_dy2p0_fill,1.3622381687164307,True,0.045574307441711426,0.045574307441711426,True,evaluation-only candidate ceiling; not used for generation or raw-only selection,accepted,86.22184457072922,raw/depth evidence is consistent and selected edge is comfortably inside the threshold,False,False,0.992983341217041,0.17867237329483032,1.0,1.2056540704487382,1.4249517564764416,0.904029369354248,3.5005834102630615,0.9317578125,1.0444119411775215,1.0759071485656775,-0.4139016270637512,0.650484561920166,0.9317578125,-0.37983526234388937,0.25312848060921883,4841,10201,False,,,,,,
050_seq332,50,332,p29_v9_depth_thermal,True,phase21_fixed_rgb_canvas,phase23_crop_plus_board_residual_transform,,"[296, 103]","[280, 115]","Phase29 candidate generated from calibration files, raw RGB/LWIR/depth, Phase24 board-affine geometry, Phase25 depth projection support, and raw-only scene reliability scoring. MM5 aligned images are evaluation-only.",1.0,0.9317578125,0.9317578125,1.0,0.0,1.0,1.2629950016261862,1.7533000108412409,0.8747290372848511,1.584849238395691,0.9317578125,1.0526393834708363,1.2494629441090621,-0.22233861684799194,0.9815908670425415,0.9317578125,-0.19947081945570522,0.19171561729694644,p29_v9_depth_thermal,board_all_median_floor,affine,affine_lmeds,1496,5.984659671783447,7.825484275817871,"[[0.964242690293037, 0.13137386244365368, -26.99199754875218], [-0.06631033534806513, 0.9894192701549352, 24.920322865264623]]",3.5,2.0,5,True,False,7.0,3,0.065,calibration/def_stereocalib_THERM.yml,calibration/def_thermalcam_ori.yml,640x480,broad_generalization_raw_only_selection,broad,v9_depth_thermal,False,v6,v9,support-v9,strict-selected,research,full,strict,all,18.773802724813695,8.207567304372787,0.9212676882743835,15.493866920471191,2.8313536643981934,9.191215515136719,6.338625520467758,0.9212676882743835,11.755983352661133,2.8313536643981934,7.55081844329834,8.72524219751358,13.25939279794693,805,8892,4178,3.683789983391762,13.69300127029419,805,11855,4732,15554,0.050631510416666664,1.0,0.0,0.9992493297587132,0.0,50.976676663740044,18650,6860,2300,0.8681976227055874,0.5405589638718473,4732,0.0,0.0,0.22,1.2449409008026122,0.6325,0.9230769230769231,reflection_background,True,selector v6 selected v9_support_gated via v9_reflection_depth_thermal; raw_score delta -1.4893; adjusted score 0.3465; selection used raw RGB/LWIR/depth support gates only,050_seq332,p29_baseline,20.263074941720543,5.4010233879089355,3.8161741495132446,True,True,,0.3465499999999999,v9_reflection_depth_thermal,0.0,0.0,0.0,1.4892722169068477,1.0495436766623207,1.485435966001337,1.050006091594696,3.5426321029663086,-1.0750436782836914,v6,strict,v6 adds strict raw/depth support-gated selection for v9; aligned metrics remain evaluation-only.,p29_v9_support_gated,1.5722495317459106,True,0.012599706649780273,3.828773856163025,True,evaluation-only candidate ceiling; not used for generation or raw-only selection,risky-pass,78.0,background/reflection rejection is high,False,False,1.0,0.0,1.0,1.3476730272304163,2.3178201815361086,0.8907917141914368,4.005145072937012,0.9317578125,1.032954460091419,1.1079574422506937,-0.1196843832731247,1.0771397352218628,0.9317578125,-0.06952897529583686,0.37745497592412675,15554,24133,False,True,v9_depth_thermal,17655,79,,0.9317578125
100_seq382,100,382,p29_baseline,True,phase21_fixed_rgb_canvas,phase24_affine_lwir_subpixel_shift_depth_fill_then_morph_close,,"[296, 103]","[280, 115]","Phase29 candidate generated from calibration files, raw RGB/LWIR/depth, Phase24 board-affine geometry, Phase25 depth projection support, and raw-only scene reliability scoring. MM5 aligned images are evaluation-only.",1.0,0.9317578125,0.9317578125,0.957868218421936,0.2937450408935547,1.0,1.115765608290496,1.0643990674261423,0.9237217903137207,1.743019938468933,0.9317578125,1.0916083805254788,1.188964732283811,-0.044497426599264145,0.9782284498214722,0.9317578125,-0.03683242548583945,0.09022914541569019,p29_baseline,board_all_median_floor,affine,affine_lmeds,1496,5.984659671783447,7.825484275817871,"[[0.964242690293037, 0.13137386244365368, -26.99199754875218], [-0.06631033534806513, 0.9894192701549352, 24.920322865264623]]",3.5,2.0,9,True,False,3.0,2,0.1,calibration/def_stereocalib_THERM.yml,calibration/def_thermalcam_ori.yml,640x480,broad_generalization_raw_only_selection,broad,baseline,False,v6,v9,support-v9,strict-selected,research,full,strict,all,12.61447493850533,3.254743367433548,0.7856946587562561,5.72379207611084,24.100778579711914,4.898946762084961,2.7667346596717834,0.5809832811355591,4.952486038208008,24.296833038330078,3.7413957118988037,3.2793000042438507,7.162499964237213,1585,8724,1925,0.7786336988210678,32.1083607673645,1747,10911,2266,11935,0.03885091145833333,0.9862589023879347,0.0,0.9589580082762363,0.0,67.98854560419042,14741,2261,2325,0.6187759336099585,0.5431965442764579,2266,0.0,0.0,0.0,2.551915740966797,0.6325,0.9230769230769231,reflection_background,True,selector v6 retained baseline; best raw improvement 0.3057; safety filters rejected candidates (p29_depth_conservative: depth/reflection/edge guard candidates are diagnostic-only by default; p29_reflection_guard: depth/reflection/edge guard candidates are diagnostic-only by default; p29_small_target_guard: raw improvement -0.0891 is below 0.6500; +18 more rejected),100_seq382,p29_baseline,12.61447493850533,1.743019938468933,0.0,True,True,,12.61447493850533,v6_baseline,0.0,0.0,0.0,0.0,1.0,1.0,0.0,0.0,0.0,v6,strict,v6 baseline row; aligned metrics are not used for selection.,p29_small_target_guard,1.6707968711853027,True,0.07222306728363037,0.07222306728363037,True,evaluation-only candidate ceiling; not used for generation or raw-only selection,accepted,83.46829997605676,raw/depth evidence is consistent and selected edge is comfortably inside the threshold,False,False,0.9720058441162109,0.3287627100944519,1.0,1.106572594551367,0.9102621779714843,0.9105277061462402,2.52516770362854,0.9317578125,1.0694039928222367,1.1601819526517847,-0.18265053629875183,1.0188379287719727,0.9317578125,-0.13322097963865098,0.3702838948848845,11935,18943,False,,,,,,
103_seq385,103,385,p29_v9_target_only,True,phase21_fixed_rgb_canvas,phase23_crop_plus_board_residual_transform,,"[296, 103]","[280, 115]","Phase29 candidate generated from calibration files, raw RGB/LWIR/depth, Phase24 board-affine geometry, Phase25 depth projection support, and raw-only scene reliability scoring. MM5 aligned images are evaluation-only.",1.0,0.9317578125,0.9317578125,0.9941359758377075,0.12553933262825012,1.0,1.1367235689443316,0.955605527349291,0.9294100999832153,1.8925684690475464,0.9317578125,1.071020637109915,1.0197729862732325,-0.22143684327602386,1.0180386304855347,0.9317578125,-0.21418322878778276,0.08907897514102875,p29_v9_target_only,board_all_median_floor,affine,affine_lmeds,1496,5.984659671783447,7.825484275817871,"[[0.964242690293037, 0.13137386244365368, -26.99199754875218], [-0.06631033534806513, 0.9894192701549352, 24.920322865264623]]",3.5,2.0,5,True,False,8.0,4,0.045,calibration/def_stereocalib_THERM.yml,calibration/def_thermalcam_ori.yml,640x480,broad_generalization_raw_only_selection,broad,v9_target_only,False,v6,v9,support-v9,strict-selected,research,full,strict,all,41.33990212337863,32.77511623501778,0.9776692986488342,64.57256317138672,11.544978141784668,54.325294494628906,32.29391610622406,1.1962039470672607,63.39162826538086,14.964072227478027,47.24775314331055,45.71886259317398,63.54716360569,103,3650,1029,14.867991030216217,42.15761947631836,127,5250,1289,5622,0.01830078125,1.0,1.0,1.0,0.13465061502224548,107.2650007104233,513,2020,1769,0.950656660412758,0.43385036496350365,1289,0.0,0.0,0.0,3.0380960655212403,0.0,0.9230769230769231,general,True,selector v6 selected v9_support_gated via v9_weak_target_only; raw_score delta +23.7090; adjusted score 1.1953; selection used raw RGB/LWIR/depth support gates only,103_seq385,p29_baseline,17.630863295972038,2.7134954929351807,0.8209270238876343,True,True,,1.19529,v9_weak_target_only,0.0,0.0,0.0,-23.70903882740659,0.4425087108013937,0.8500151194436045,-25.194965451955795,-47.14013534784317,23.72916677594185,v6,strict,v6 adds strict raw/depth support-gated selection for v9; aligned metrics remain evaluation-only.,p29_v9_support_gated_tight,1.6368458271026611,True,0.25572264194488525,1.0766496658325195,True,evaluation-only candidate ceiling; not used for generation or raw-only selection,risky-pass,78.0,double-edge/ghost risk,False,False,0.994107186794281,0.2882057726383209,1.0,1.2042791274989562,1.4126745022700344,0.8898191452026367,6.324431419372559,0.9317578125,1.019228964229279,1.1157093836191851,-0.15866678953170776,1.151795744895935,0.9317578125,-0.1398445409723937,0.17155348685793112,5622,10885,False,True,v9_target_only,929,30,,0.9317578125
110_seq396,110,396,p29_v9_target_only,True,phase21_fixed_rgb_canvas,phase23_crop_plus_board_residual_transform,,"[296, 103]","[280, 115]","Phase29 candidate generated from calibration files, raw RGB/LWIR/depth, Phase24 board-affine geometry, Phase25 depth projection support, and raw-only scene reliability scoring. MM5 aligned images are evaluation-only.",1.0,0.9317578125,0.9317578125,0.8580554723739624,0.6597378253936768,1.0,0.9890719967555267,0.8998330088928426,0.9044666290283203,2.2281479835510254,0.9317578125,1.053459342031997,1.0824106726998863,-0.12093687802553177,1.03633713722229,0.9317578125,-0.07497730645854048,0.34785062926883353,p29_v9_target_only,board_all_median_floor,affine,affine_lmeds,1496,5.984659671783447,7.825484275817871,"[[0.964242690293037, 0.13137386244365368, -26.99199754875218], [-0.06631033534806513, 0.9894192701549352, 24.920322865264623]]",3.5,2.0,5,True,False,8.0,4,0.045,calibration/def_stereocalib_THERM.yml,calibration/def_thermalcam_ori.yml,640x480,broad_generalization_raw_only_selection,broad,v9_target_only,False,v6,v9,support-v9,strict-selected,research,full,strict,all,18.21294849690391,9.356367588043213,2.9567108154296875,15.756024360656738,15.240354537963867,11.456427574157715,7.90674614906311,4.5401930809021,11.273299217224121,14.211484909057617,11.456427574157715,9.6732337474823,17.66854476928711,438,4059,1595,4.36675763130188,26.01705551147461,529,6111,1595,7106,0.023131510416666667,0.5499577821559246,1.0,1.0,0.25430027606710554,69.33604149894214,765,2312,2293,0.8741475511469312,0.38199858256555635,1595,0.0,0.00016887137630172688,0.0,3.076514205932617,0.0,0.9230769230769231,general,True,selector v6 selected v9_support_gated via v9_weak_target_only; raw_score delta +2.1748; adjusted score 1.6327; selection used raw RGB/LWIR/depth support gates only,110_seq396,p29_baseline,16.038179751971338,3.569847345352173,1.3416993618011475,True,True,,1.63269,v9_weak_target_only,0.0,0.0,0.0,-2.174768744932571,0.7978883861236803,0.8634264884568651,-1.4037976264953613,-2.623793125152588,1.8046376705169678,v6,strict,v6 adds strict raw/depth support-gated selection for v9; aligned metrics remain evaluation-only.,p29_v9_target_only,2.2281479835510254,True,0.0,1.3416993618011475,True,evaluation-only candidate ceiling; not used for generation or raw-only selection,improved,74.0,raw/depth evidence is consistent and selected edge is comfortably inside the threshold,False,False,0.27220746874809265,2.2027409076690674,1.0,0.26582838365594275,0.04558240235909671,0.8926509618759155,3.3590829372406006,0.9317578125,1.0117165481800052,0.9281338928502214,-0.24072787165641785,3.6818063259124756,0.9317578125,-0.2509075879527924,0.07940747772733547,7106,13366,False,True,v9_target_only,1469,77,,0.9317578125
120_seq406,120,406,p29_raw_shift_dx3p5_dy1p5_fill,True,phase21_fixed_rgb_canvas,phase23_crop_plus_board_residual_transform,,"[296, 103]","[280, 115]","Phase29 candidate generated from calibration files, raw RGB/LWIR/depth, Phase24 board-affine geometry, Phase25 depth projection support, and raw-only scene reliability scoring. MM5 aligned images are evaluation-only.",1.0,0.9327799479166666,0.9327799479166666,0.8134329915046692,0.696604311466217,1.0,0.9184550195140022,0.7280110258542019,0.8804906010627747,2.6687190532684326,0.9327799479166666,1.0349425269994887,1.1364282683754983,-0.22624638676643372,0.8321996927261353,0.9327799479166666,-0.18769102182993155,0.2903237539523931,p29_raw_shift_dx3p5_dy1p5_fill,board_all_median_floor,affine,affine_lmeds,1496,5.984659671783447,7.825484275817871,"[[0.964242690293037, 0.13137386244365368, -26.99199754875218], [-0.06631033534806513, 0.9894192701549352, 24.920322865264623]]",3.5,1.5,9,True,False,3.0,2,0.1,calibration/def_stereocalib_THERM.yml,calibration/def_thermalcam_ori.yml,640x480,broad_generalization_raw_only_selection,broad,raw_shift_local,False,v6,v9,support-v9,strict-selected,research,full,strict,all,17.001472922971306,6.073302686214447,1.751200556755066,10.395404815673828,9.227666854858398,7.539511203765869,5.532147169113159,1.8910012245178223,9.173293113708496,8.79947566986084,7.572767734527588,7.116849958896637,12.351800203323364,944,8640,4062,2.129105567932129,18.733083724975586,1063,12629,4406,14147,0.046051432291666666,0.42885417402982967,1.0,1.0,0.5926769230769231,41.22017215141076,5026,2200,4030,0.8493109420890127,0.4910371318822023,4406,0.0,0.4845833038806815,0.22,2.264140930175781,0.0,0.7926956182963607,depth_tearing,True,selector v6 selected raw_shift_fill via depth_tearing_v2; raw_score delta -0.1308; adjusted score 24.4086; selection used raw RGB/LWIR/depth support gates only,120_seq406,p29_baseline,17.13223929144647,3.1005499362945557,0.43183088302612305,True,True,,24.408606406858024,depth_tearing_v2,0.0,-0.5,0.5,0.13076636847516454,0.9227430555555556,1.0,0.08982658386230469,0.49504947662353516,0.09040462970733643,v6,strict,v6 adds strict raw/depth support-gated selection for v9; aligned metrics remain evaluation-only.,p29_raw_shift_dx3p5_dy1p5_fill,2.6687190532684326,True,0.0,0.43183088302612305,True,evaluation-only candidate ceiling; not used for generation or raw-only selection,risky-pass,62.54810799898965,tear-risk concentration; support is fragmented,False,False,0.46176594495773315,2.3676187992095947,1.0,0.46869862927046696,0.14092264738660906,0.8780579566955566,3.0125174522399902,0.9327799479166666,1.020520219823439,1.07024911894215,0.038446374237537384,2.3107638359069824,0.9327799479166666,0.04275025288116879,0.12112307772715535,14147,26051,False,,,,,,
123_seq409,123,409,p29_v9_target_silhouette,True,phase21_fixed_rgb_canvas,phase23_crop_plus_board_residual_transform,,"[296, 103]","[280, 115]","Phase29 candidate generated from calibration files, raw RGB/LWIR/depth, Phase24 board-affine geometry, Phase25 depth projection support, and raw-only scene reliability scoring. MM5 aligned images are evaluation-only.",1.0,0.9317578125,0.9317578125,0.8762425184249878,0.6159970164299011,1.0,1.011083560325447,0.9235801599935907,0.9290538430213928,1.2252568006515503,0.9317578125,1.0565331541073593,0.8988723459325046,-0.24381066858768463,0.8712894916534424,0.9317578125,-0.19684839467721213,0.3479334057359543,p29_v9_target_silhouette,board_all_median_floor,affine,affine_lmeds,1496,5.984659671783447,7.825484275817871,"[[0.964242690293037, 0.13137386244365368, -26.99199754875218], [-0.06631033534806513, 0.9894192701549352, 24.920322865264623]]",3.5,2.0,5,True,False,7.0,3,0.045,calibration/def_stereocalib_THERM.yml,calibration/def_thermalcam_ori.yml,640x480,broad_generalization_raw_only_selection,broad,v9_target_silhouette,False,v6,v9,support-v9,strict-selected,research,full,strict,all,21.836011764742896,13.143089950084686,0.6057447195053101,25.680435180664062,9.64664363861084,15.889623641967773,10.099933326244354,0.6057447195053101,19.5941219329834,9.64664363861084,15.889623641967773,12.572990447282791,18.432903349399567,76,4045,1178,6.151382461190224,19.945792198181152,76,6332,1178,5053,0.016448567708333334,0.5398773006134969,1.0,1.0,0.7064461276858865,100.76704698231184,2106,1416,2273,0.9702876906146832,0.5509259259259259,1178,0.0,0.04049079754601248,0.0,2.696395854949951,0.0,0.9230769230769231,general,True,selector v6 selected v9_support_gated via v9_target_silhouette; raw_score delta +7.8210; adjusted score 2.3043; selection used raw RGB/LWIR/depth support gates only,123_seq409,p29_baseline,14.015049480551102,4.783583641052246,3.558326840400696,True,True,,2.3042800000000003,v9_target_silhouette,0.0,0.0,0.0,-7.820962284191793,0.15702479338842976,0.9172263568705754,-5.2928242683410645,-7.991102635860443,7.335845768451691,v6,strict,v6 adds strict raw/depth support-gated selection for v9; aligned metrics remain evaluation-only.,p29_v9_target_silhouette,1.2252568006515503,True,0.0,3.558326840400696,True,evaluation-only candidate ceiling; not used for generation or raw-only selection,risky-pass,78.0,double-edge/ghost risk,False,False,0.40091705322265625,1.3959016799926758,1.0,0.4132268469257241,0.13790135855349284,0.9049267172813416,1.2252568006515503,0.9317578125,1.0325780783622789,0.9000193458989771,0.11831255257129669,0.8712894916534424,0.9317578125,0.12274586127296838,0.06440697101061554,5053,10333,False,True,v9_target_silhouette,1628,107,111.0,0.9317578125
137_seq423,137,423,p29_baseline,True,phase21_fixed_rgb_canvas,phase24_affine_lwir_subpixel_shift_depth_fill_then_morph_close,,"[296, 103]","[280, 115]","Phase29 candidate generated from calibration files, raw RGB/LWIR/depth, Phase24 board-affine geometry, Phase25 depth projection support, and raw-only scene reliability scoring. MM5 aligned images are evaluation-only.",1.0,0.9317578125,0.9317578125,0.8756361603736877,0.6625334024429321,1.0,1.0097983311397023,0.9209158078711472,0.9238709211349487,2.6713571548461914,0.9317578125,1.1217858493472355,1.426287140942426,-0.3799346685409546,0.922079861164093,0.9317578125,-0.3158424739284001,0.4641644918635936,p29_baseline,board_all_median_floor,affine,affine_lmeds,1496,5.984659671783447,7.825484275817871,"[[0.964242690293037, 0.13137386244365368, -26.99199754875218], [-0.06631033534806513, 0.9894192701549352, 24.920322865264623]]",3.5,2.0,9,True,False,3.0,2,0.1,calibration/def_stereocalib_THERM.yml,calibration/def_thermalcam_ori.yml,640x480,broad_generalization_raw_only_selection,broad,baseline,False,v6,v9,support-v9,strict-selected,research,full,strict,all,13.90258878494813,6.649378836154938,1.992712140083313,11.306045532226562,15.930166244506836,7.283994197845459,5.871998071670532,2.5454630851745605,9.198533058166504,16.071279525756836,7.283994197845459,7.3696500062942505,13.115803241729736,325,2695,817,2.5563315749168396,25.41633129119873,371,3840,817,4148,0.013502604166666666,1.0,1.0,1.0,0.6087321578505458,83.87087040439762,1450,616,1061,0.8587115666178624,0.42243975903614456,817,0.0,0.0,0.0,2.7427195358276366,0.0,0.9230769230769231,general,True,selector v6 retained baseline; best raw improvement 3.4869; safety filters rejected candidates (p29_depth_conservative: depth/reflection/edge guard candidates are diagnostic-only by default; p29_reflection_guard: depth/reflection/edge guard candidates are diagnostic-only by default; p29_small_target_guard: raw improvement -0.4174 is below 0.6500; +18 more rejected),137_seq423,p29_baseline,13.90258878494813,2.6713571548461914,0.0,True,True,,13.90258878494813,v6_baseline,0.0,0.0,0.0,0.0,1.0,1.0,0.0,0.0,0.0,v6,strict,v6 baseline row; aligned metrics are not used for selection.,p29_raw_shift_dx4p0_dy2p0_fill,2.59285831451416,True,0.07849884033203125,0.07849884033203125,True,evaluation-only candidate ceiling; not used for generation or raw-only selection,accepted,69.97946285225176,raw/depth evidence is consistent and selected edge is comfortably inside the threshold,False,False,0.3482721149921417,1.8191391229629517,1.0,0.33737921280519934,0.00014621700556875246,0.885941207408905,3.2420501708984375,0.9317578125,0.9917676886748859,0.8351918819424762,-0.0013111524749547243,2.1825759410858154,0.9317578125,-0.013611369305590336,0.005301592105861877,4148,7548,False,,,,,,
161_seq447,161,447,p29_baseline,True,phase21_fixed_rgb_canvas,phase24_affine_lwir_subpixel_shift_depth_fill_then_morph_close,,"[296, 103]","[280, 115]","Phase29 candidate generated from calibration files, raw RGB/LWIR/depth, Phase24 board-affine geometry, Phase25 depth projection support, and raw-only scene reliability scoring. MM5 aligned images are evaluation-only.",1.0,0.9317578125,0.9317578125,0.8695651888847351,0.6062062978744507,1.0,1.0020153052330232,0.9072490275702314,0.9323052167892456,2.971367120742798,0.9317578125,1.1409347341763063,1.5097181340767822,-0.5022780299186707,0.8720390200614929,0.9317578125,-0.4200454524063448,0.5830987442179654,p29_baseline,board_all_median_floor,affine,affine_lmeds,1496,5.984659671783447,7.825484275817871,"[[0.964242690293037, 0.13137386244365368, -26.99199754875218], [-0.06631033534806513, 0.9894192701549352, 24.920322865264623]]",3.5,2.0,9,True,False,3.0,2,0.1,calibration/def_stereocalib_THERM.yml,calibration/def_thermalcam_ori.yml,640x480,broad_generalization_raw_only_selection,broad,baseline,False,v6,v9,support-v9,strict-selected,research,full,strict,all,18.08734213348344,11.244466781616211,9.058623313903809,13.430310249328613,22.889812469482422,9.10905647277832,9.660969734191895,9.06329345703125,10.258646011352539,22.889812469482422,9.10905647277832,14.261090278625488,20.53950309753418,409,1362,334,5.218372821807861,27.025090217590332,409,2341,334,3164,0.010299479166666667,1.0,1.0,1.0,0.7548335123523093,27.78233028698236,1255,568,1014,0.8824183976261127,0.4180194805194805,334,0.0,0.0,0.0,2.888724517822266,0.0,0.5342755824419685,weak_target_support,True,selector v6 retained baseline; best raw improvement 3.2657; safety filters rejected candidates (p29_depth_conservative: depth/reflection/edge guard candidates are diagnostic-only by default; p29_reflection_guard: depth/reflection/edge guard candidates are diagnostic-only by default; p29_small_target_guard: LWIR edge growth 1.122 exceeds 1.080; +18 more rejected),161_seq447,p29_baseline,18.08734213348344,2.971367120742798,0.0,True,True,,18.08734213348344,v6_baseline,0.0,0.0,0.0,0.0,1.0,1.0,0.0,0.0,0.0,v6,strict,v6 baseline row; aligned metrics are not used for selection.,p29_v9_target_only,1.315578579902649,True,1.655788540840149,1.655788540840149,True,evaluation-only candidate ceiling; not used for generation or raw-only selection,risky-pass,63.44047241734469,edge close to threshold; weak target support,False,False,0.5825395584106445,4.3267974853515625,1.0,0.5565789988410113,1.5022831738102997e-06,0.685059666633606,1.7366284132003784,0.9317578125,0.760661943099119,0.5734803129647693,-0.23363907635211945,9.039892196655273,0.9317578125,-0.2873846533889046,0.003291840954309891,3164,6324,False,,,,,,
187_seq473,187,473,p29_v9_depth_thermal,True,phase21_fixed_rgb_canvas,phase23_crop_plus_board_residual_transform,,"[296, 103]","[280, 115]","Phase29 candidate generated from calibration files, raw RGB/LWIR/depth, Phase24 board-affine geometry, Phase25 depth projection support, and raw-only scene reliability scoring. MM5 aligned images are evaluation-only.",1.0,0.9317578125,0.9317578125,0.8768759965896606,0.6595794558525085,1.0,1.0127788323099371,0.932402083035945,0.9305918216705322,2.790506601333618,0.9317578125,1.1051312175474897,1.2752162365663942,-0.5435872673988342,1.1366273164749146,0.9317578125,-0.47767598406814077,0.4848736481969531,p29_v9_depth_thermal,board_all_median_floor,affine,affine_lmeds,1496,5.984659671783447,7.825484275817871,"[[0.964242690293037, 0.13137386244365368, -26.99199754875218], [-0.06631033534806513, 0.9894192701549352, 24.920322865264623]]",3.5,2.0,5,True,False,7.0,3,0.065,calibration/def_stereocalib_THERM.yml,calibration/def_thermalcam_ori.yml,640x480,broad_generalization_raw_only_selection,broad,v9_depth_thermal,False,v6,v9,support-v9,strict-selected,research,full,strict,all,13.6032627264712,5.381564080715179,1.7287167310714722,9.034411430358887,5.412249565124512,4.23641300201416,3.9018940925598145,1.7349300384521484,6.0688581466674805,5.341989040374756,4.23641300201416,4.982150137424469,9.504349946975708,1486,7547,3213,2.355757474899292,10.982500076293945,1496,10081,3213,12166,0.039602864583333335,1.0,1.0,1.0,0.6533120399944452,57.25163987808275,4301,2346,2847,0.7627087706489002,0.46504369538077406,3213,0.0,0.0,0.22,1.313117961883545,0.0,0.9230769230769231,double_edge_mismatch,True,selector v6 selected v9_support_gated via v9_depth_thermal_double_edge; raw_score delta -9.6659; adjusted score 4.2234; selection used raw RGB/LWIR/depth support gates only,187_seq473,p29_baseline,23.269192777987552,3.6134567260742188,0.8229501247406006,True,True,,4.223369999999999,v9_depth_thermal_double_edge,0.0,0.0,0.0,9.665930051516352,4.387096774193548,0.9401854714064914,8.389615833759308,15.7188720703125,-8.647603750228882,v6,strict,v6 adds strict raw/depth support-gated selection for v9; aligned metrics remain evaluation-only.,p29_v9_depth_thermal,2.790506601333618,True,0.0,0.8229501247406006,True,evaluation-only candidate ceiling; not used for generation or raw-only selection,risky-pass,65.15489573220893,edge close to threshold,False,False,0.3787459135055542,1.893184781074524,1.0,0.3714793758857013,0.027283807110627945,0.8513293862342834,11.028192520141602,0.9317578125,0.8945445188605817,0.7292285849809862,-0.07564584910869598,2.307698965072632,0.9317578125,-0.08492054700258775,0.030476639310293555,12166,20222,False,True,v9_depth_thermal,17137,64,,0.9317578125
200_seq486,200,486,p29_baseline,True,phase21_fixed_rgb_canvas,phase24_affine_lwir_subpixel_shift_depth_fill_then_morph_close,,"[296, 103]","[280, 115]","Phase29 candidate generated from calibration files, raw RGB/LWIR/depth, Phase24 board-affine geometry, Phase25 depth projection support, and raw-only scene reliability scoring. MM5 aligned images are evaluation-only.",1.0,0.9317578125,0.9317578125,0.8539818525314331,0.9321894645690918,1.0,1.0124220752791435,1.0935557302341659,0.9276458621025085,2.7089622020721436,0.9317578125,1.1138908651558324,1.349991841771711,-0.5020509362220764,1.1655993461608887,0.9317578125,-0.4291732240296289,0.5324753884627524,p29_baseline,board_all_median_floor,affine,affine_lmeds,1496,5.984659671783447,7.825484275817871,"[[0.964242690293037, 0.13137386244365368, -26.99199754875218], [-0.06631033534806513, 0.9894192701549352, 24.920322865264623]]",3.5,2.0,9,True,False,3.0,2,0.1,calibration/def_stereocalib_THERM.yml,calibration/def_thermalcam_ori.yml,640x480,broad_generalization_raw_only_selection,broad,baseline,False,v6,v9,support-v9,strict-selected,research,full,strict,all,16.748944237001496,8.675744652748108,2.4244282245635986,14.927061080932617,13.553373336791992,11.692127227783203,7.2672693729400635,2.509978771209717,12.02455997467041,13.630284309387207,11.703720092773438,9.86001455783844,14.855152368545532,294,2804,1043,3.6222633719444275,25.01010227203369,305,4528,1043,5672,0.018463541666666666,1.0,1.0,1.0,0.4890075376884422,92.30220710849102,1908,696,1314,0.9203614204664845,0.46975806451612906,1043,0.0,0.0,0.0,3.095370178222656,0.0,0.9230769230769231,double_edge_mismatch,True,selector v6 retained baseline; best raw improvement 0.1992; safety filters rejected candidates (p29_depth_conservative: depth/reflection/edge guard candidates are diagnostic-only by default; p29_reflection_guard: depth/reflection/edge guard candidates are diagnostic-only by default; p29_small_target_guard: raw improvement 0.1992 is below 0.6500; +18 more rejected),200_seq486,p29_baseline,16.748944237001496,2.7089622020721436,0.0,True,True,,16.748944237001496,v6_baseline,0.0,0.0,0.0,0.0,1.0,1.0,0.0,0.0,0.0,v6,strict,v6 baseline row; aligned metrics are not used for selection.,p29_v9_support_gated_tight,1.3574018478393555,True,1.351560354232788,1.351560354232788,True,evaluation-only candidate ceiling; not used for generation or raw-only selection,risky-pass,68.21969146178158,double-edge/ghost risk,False,False,0.47313088178634644,1.3295143842697144,1.0,0.4975261561938061,0.2158157380871861,0.9644150137901306,2.0050387382507324,0.9317578125,1.1389437814096086,1.2437266669932159,0.12657298147678375,3.1740150451660156,0.9317578125,0.1565530149783743,0.32682749181724435,5672,9472,False,,,,,,
209_seq495,209,495,p29_raw_shift_dx4p5_dy3p0_fill,True,phase21_fixed_rgb_canvas,phase23_crop_plus_board_residual_transform,,"[296, 103]","[280, 115]","Phase29 candidate generated from calibration files, raw RGB/LWIR/depth, Phase24 board-affine geometry, Phase25 depth projection support, and raw-only scene reliability scoring. MM5 aligned images are evaluation-only.",1.0,0.9302766927083334,0.9302766927083334,0.8706199526786804,0.7839535474777222,1.0,1.0291672565400436,1.088340167641531,0.9251899123191833,2.853384017944336,0.9302766927083334,1.121348234805692,1.4218575106278308,-0.49214640259742737,1.0146772861480713,0.9302766927083334,-0.41942009368481126,0.5254291508633637,p29_raw_shift_dx4p5_dy3p0_fill,board_all_median_floor,affine,affine_lmeds,1496,5.984659671783447,7.825484275817871,"[[0.964242690293037, 0.13137386244365368, -26.99199754875218], [-0.06631033534806513, 0.9894192701549352, 24.920322865264623]]",4.5,3.0,9,True,False,3.0,2,0.1,calibration/def_stereocalib_THERM.yml,calibration/def_thermalcam_ori.yml,640x480,broad_generalization_raw_only_selection,broad,raw_shift_local,False,v6,v9,support-v9,strict-selected,research,full,strict,all,16.960482709512707,8.237212300300598,2.674278497695923,13.800146102905273,17.673662185668945,9.719908714294434,6.37935209274292,2.7676753997802734,9.991028785705566,17.551231384277344,9.719908714294434,8.468599915504456,14.861470222473145,620,4108,1406,4.073227763175964,25.4689998626709,643,7007,1406,6789,0.022099609375,0.5019885108263368,1.0,1.0,0.6804123711340206,58.24142816269531,2507,1068,2076,0.8724230254350737,0.5030068728522337,1406,0.0,0.19204595669465307,0.0,2.937592697143555,0.0,0.9230769230769231,general,True,selector v6 selected raw_shift_fill via generic_v2; raw_score delta -0.6777; adjusted score 17.0605; selection used raw RGB/LWIR/depth support gates only,209_seq495,p29_baseline,17.638229417667954,3.4410083293914795,0.5876243114471436,True,True,,17.06048270951271,generic_v2,1.0,1.0,2.0,0.6777467081552473,0.9877112135176651,1.0,0.7708777189254761,1.7734179496765137,-0.4895840883255005,v6,strict,v6 adds strict raw/depth support-gated selection for v9; aligned metrics remain evaluation-only.,p29_v9_depth_thermal,1.4001139402389526,True,1.4532700777053833,2.040894389152527,True,evaluation-only candidate ceiling; not used for generation or raw-only selection,risky-pass,64.47415642333664,edge close to threshold,False,False,0.42678698897361755,1.926068902015686,1.0,0.4409931437527478,0.1717504546081623,0.9150635600090027,1.7136656045913696,0.9302766927083334,1.0855736199499606,1.2052803571233741,-0.1852266639471054,3.155895471572876,0.9302766927083334,-0.16542300209966,0.2582602311792178,6789,12769,False,,,,,,
248_seq534,248,534,p29_baseline,True,phase21_fixed_rgb_canvas,phase24_affine_lwir_subpixel_shift_depth_fill_then_morph_close,,"[296, 103]","[280, 115]","Phase29 candidate generated from calibration files, raw RGB/LWIR/depth, Phase24 board-affine geometry, Phase25 depth projection support, and raw-only scene reliability scoring. MM5 aligned images are evaluation-only.",1.0,0.9317578125,0.9317578125,0.8371677398681641,0.7024272084236145,1.0,0.9731288273020031,0.9345043378958715,0.8918759822845459,2.7664244174957275,0.9317578125,1.0944323485997547,1.4610327521345543,-0.40208667516708374,1.0040796995162964,0.9317578125,-0.34105182845154086,0.4470621660842713,p29_baseline,board_all_median_floor,affine,affine_lmeds,1496,5.984659671783447,7.825484275817871,"[[0.964242690293037, 0.13137386244365368, -26.99199754875218], [-0.06631033534806513, 0.9894192701549352, 24.920322865264623]]",3.5,2.0,9,True,False,3.0,2,0.1,calibration/def_stereocalib_THERM.yml,calibration/def_thermalcam_ori.yml,640x480,broad_generalization_raw_only_selection,broad,baseline,False,v6,v9,support-v9,strict-selected,research,full,strict,all,19.32387888687649,8.025596141815186,3.29653263092041,12.754659652709961,4.663763523101807,10.040725708007812,8.22398042678833,3.282475471496582,13.165485382080078,5.70050573348999,11.090060234069824,10.332950234413147,17.635900020599365,856,7434,5389,3.107359290122986,20.607975006103516,1022,9162,6675,13661,0.04446940104166667,0.9096698631139741,0.12429343047355859,1.0,1.0,80.66626177088673,15922,2261,3701,0.8576745121705894,0.3274767146486029,6675,0.0,0.0,0.22,1.6427354907989502,0.4895625549554077,0.9230769230769231,reflection_background,True,selector v6 retained baseline; best raw improvement 1.9245; safety filters rejected candidates (p29_depth_conservative: depth/reflection/edge guard candidates are diagnostic-only by default; p29_reflection_guard: depth/reflection/edge guard candidates are diagnostic-only by default; p29_small_target_guard: raw symmetric edge improvement -2.8093 is below 0.0350; +18 more rejected),248_seq534,p29_baseline,19.32387888687649,2.7664244174957275,0.0,True,True,,19.32387888687649,v6_baseline,0.0,0.0,0.0,0.0,1.0,1.0,0.0,0.0,0.0,v6,strict,v6 baseline row; aligned metrics are not used for selection.,p29_v9_support_gated,1.4167718887329102,True,1.3496525287628174,1.3496525287628174,True,evaluation-only candidate ceiling; not used for generation or raw-only selection,risky-pass,63.13352677100419,edge close to threshold; tear-risk concentration,False,False,0.3527827262878418,1.0431103706359863,1.0,0.36378541941958387,0.1150757023703867,0.91344153881073,2.1131999492645264,0.9317578125,1.0901972529806134,1.262899425769803,0.03434735909104347,4.238824367523193,0.9317578125,0.041418545237498834,0.21669421567729677,13661,25432,False,,,,,,
262_seq548,262,548,p29_baseline,True,phase21_fixed_rgb_canvas,phase24_affine_lwir_subpixel_shift_depth_fill_then_morph_close,,"[296, 103]","[280, 115]","Phase29 candidate generated from calibration files, raw RGB/LWIR/depth, Phase24 board-affine geometry, Phase25 depth projection support, and raw-only scene reliability scoring. MM5 aligned images are evaluation-only.",1.0,0.9317578125,0.9317578125,0.8419756293296814,0.8692739605903625,1.0,0.99230518900372,1.0369680229172054,0.9742740988731384,1.3864970207214355,0.9317578125,1.1923372041496223,1.5092139160054163,-0.2818191647529602,1.383805274963379,0.9317578125,-0.2369087916707015,0.3547546982135931,p29_baseline,board_all_median_floor,affine,affine_lmeds,1496,5.984659671783447,7.825484275817871,"[[0.964242690293037, 0.13137386244365368, -26.99199754875218], [-0.06631033534806513, 0.9894192701549352, 24.920322865264623]]",3.5,2.0,9,True,False,3.0,2,0.1,calibration/def_stereocalib_THERM.yml,calibration/def_thermalcam_ori.yml,640x480,broad_generalization_raw_only_selection,broad,baseline,False,v6,v9,support-v9,strict-selected,research,full,strict,all,17.655578476466964,7.229143261909485,2.3287651538848877,12.129521369934082,9.665563583374023,10.84399700164795,7.6442296504974365,2.481213092803955,12.807246208190918,7.998411655426025,11.937970161437988,9.837900280952454,17.720153093338013,894,6439,4705,3.345124661922455,21.97341537475586,1219,9347,5102,17247,0.056142578125,0.5341798573664985,1.0,1.0,0.3875968992248062,133.5028844062606,5815,1788,3177,0.8130353450822093,0.36356382978723406,5102,0.0,0.06328057053400604,0.22,2.60732120513916,0.0,0.9230769230769231,depth_tearing,True,selector v6 retained baseline; best raw improvement 0.2081; safety filters rejected candidates (p29_depth_conservative: depth/reflection/edge guard candidates are diagnostic-only by default; p29_reflection_guard: depth/reflection/edge guard candidates are diagnostic-only by default; p29_small_target_guard: small-target guard is blocked in depth-tearing scenes so local depth correction can be tested; +18 more rejected),262_seq548,p29_baseline,17.655578476466964,1.3864970207214355,0.0,True,True,,17.655578476466964,v6_baseline,0.0,0.0,0.0,0.0,1.0,1.0,0.0,0.0,0.0,v6,strict,v6 baseline row; aligned metrics are not used for selection.,p29_v9_target_silhouette,0.754399299621582,True,0.6320977210998535,0.6320977210998535,True,evaluation-only candidate ceiling; not used for generation or raw-only selection,accepted,83.64440155445217,raw/depth evidence is consistent and selected edge is comfortably inside the threshold,False,False,0.5401085019111633,1.6182010173797607,1.0,0.6004245157256028,0.46683479945812123,0.9633159637451172,2.6299774646759033,0.9317578125,1.0991863839378115,1.0110018998716654,0.06295003741979599,3.68477725982666,0.9317578125,0.063433998616073,0.1506174983682465,17247,26824,False,,,,,,
266_seq552,266,552,p29_baseline,True,phase21_fixed_rgb_canvas,phase24_affine_lwir_subpixel_shift_depth_fill_then_morph_close,,"[296, 103]","[280, 115]","Phase29 candidate generated from calibration files, raw RGB/LWIR/depth, Phase24 board-affine geometry, Phase25 depth projection support, and raw-only scene reliability scoring. MM5 aligned images are evaluation-only.",1.0,0.9317578125,0.9317578125,0.8523050546646118,0.9044563174247742,1.0,1.005624332928148,1.0583067744538996,0.9828743934631348,1.7500410079956055,0.9317578125,1.2142556381476348,1.6125432715498258,-0.21142782270908356,1.3453906774520874,0.9317578125,-0.16122606094360442,0.3884940388679444,p29_baseline,board_all_median_floor,affine,affine_lmeds,1496,5.984659671783447,7.825484275817871,"[[0.964242690293037, 0.13137386244365368, -26.99199754875218], [-0.06631033534806513, 0.9894192701549352, 24.920322865264623]]",3.5,2.0,9,True,False,3.0,2,0.1,calibration/def_stereocalib_THERM.yml,calibration/def_thermalcam_ori.yml,640x480,broad_generalization_raw_only_selection,broad,baseline,False,v6,v9,support-v9,strict-selected,research,full,strict,all,16.097246376028604,6.569036602973938,2.817540407180786,10.32053279876709,11.059444427490234,6.715673923492432,6.168998122215271,2.8556058406829834,9.482390403747559,7.591307640075684,6.892090320587158,8.278999924659729,14.36010193824768,1146,4925,3994,2.490063965320587,18.476783752441406,1462,7023,4325,12773,0.04157877604166667,1.0,1.0,1.0,0.40393773544672684,128.86425416241497,4500,1452,2620,0.7728001974577317,0.4176117411607739,4325,0.0,0.0,0.22,2.5279539108276365,0.0,0.9230769230769231,depth_tearing,True,selector v6 retained baseline; best raw improvement 1.5931; safety filters rejected candidates (p29_depth_conservative: depth/reflection/edge guard candidates are diagnostic-only by default; p29_reflection_guard: depth/reflection/edge guard candidates are diagnostic-only by default; p29_small_target_guard: small-target guard is blocked in depth-tearing scenes so local depth correction can be tested; +18 more rejected),266_seq552,p29_baseline,16.097246376028604,1.7500410079956055,0.0,True,True,,16.097246376028604,v6_baseline,0.0,0.0,0.0,0.0,1.0,1.0,0.0,0.0,0.0,v6,strict,v6 baseline row; aligned metrics are not used for selection.,p29_raw_shift_dx3p5_dy1p5_fill,1.6580873727798462,True,0.09195363521575928,0.09195363521575928,True,evaluation-only candidate ceiling; not used for generation or raw-only selection,accepted,81.73501327980391,raw/depth evidence is consistent and selected edge is comfortably inside the threshold,False,False,0.6379746198654175,1.662768840789795,1.0,0.6971858078442982,0.4612520068241296,0.973490297794342,1.1344702243804932,0.9317578125,1.193392429608967,1.5113930210727193,0.11579199880361557,2.9051806926727295,0.9317578125,0.14750084462410784,0.32759953317685764,12773,20311,False,,,,,,
272_seq558,272,558,p29_baseline,True,phase21_fixed_rgb_canvas,phase24_affine_lwir_subpixel_shift_depth_fill_then_morph_close,,"[296, 103]","[280, 115]","Phase29 candidate generated from calibration files, raw RGB/LWIR/depth, Phase24 board-affine geometry, Phase25 depth projection support, and raw-only scene reliability scoring. MM5 aligned images are evaluation-only.",1.0,0.9317578125,0.9317578125,0.8588879704475403,0.9002875089645386,1.0,1.0189485487765122,1.1030820225517273,0.9542108178138733,2.224862813949585,0.9317578125,1.2073626878252084,1.7766736459668835,-0.3579704463481903,1.4554016590118408,0.9317578125,-0.29275377209197095,0.49299389473526944,p29_baseline,board_all_median_floor,affine,affine_lmeds,1496,5.984659671783447,7.825484275817871,"[[0.964242690293037, 0.13137386244365368, -26.99199754875218], [-0.06631033534806513, 0.9894192701549352, 24.920322865264623]]",3.5,2.0,9,True,False,3.0,2,0.1,calibration/def_stereocalib_THERM.yml,calibration/def_thermalcam_ori.yml,640x480,broad_generalization_raw_only_selection,broad,baseline,False,v6,v9,support-v9,strict-selected,research,full,strict,all,16.643146113959077,7.1460607051849365,2.205399990081787,12.086721420288086,10.628058433532715,7.982187747955322,6.0798259973526,2.207329034805298,9.952322959899902,11.193155288696289,8.518203735351562,8.05429995059967,13.62664246559143,520,4053,1772,2.972895324230194,18.82366418838501,592,6469,2012,6102,0.01986328125,0.33743035070468697,1.0,1.0,0.7463388418648395,83.02777755269003,2413,1340,2536,0.8688500727802038,0.4760135135135135,2012,0.0,0.8502785971812523,0.0,2.5516255378723143,0.0,0.9230769230769231,general,True,selector v6 retained baseline; best raw improvement 2.4239; safety filters rejected candidates (p29_depth_conservative: depth/reflection/edge guard candidates are diagnostic-only by default; p29_reflection_guard: depth/reflection/edge guard candidates are diagnostic-only by default; p29_small_target_guard: LWIR edge growth 1.228 exceeds 1.080; +18 more rejected),272_seq558,p29_baseline,16.643146113959077,2.224862813949585,0.0,True,True,,16.643146113959077,v6_baseline,0.0,0.0,0.0,0.0,1.0,1.0,0.0,0.0,0.0,v6,strict,v6 baseline row; aligned metrics are not used for selection.,p29_v9_support_gated_tight,1.1936184167861938,True,1.0312443971633911,1.0312443971633911,True,evaluation-only candidate ceiling; not used for generation or raw-only selection,risky-pass,70.70667669905427,support is fragmented,False,False,0.5364290475845337,2.699077606201172,1.0,0.5455686163884551,0.1688935629408567,0.979446291923523,1.2431883811950684,0.9317578125,1.2867109940352008,2.0981588826589896,0.44159165024757385,3.282766103744507,0.9317578125,0.4512679248386499,0.19581914142362047,6102,13754,False,,,,,,
291_seq577,291,577,p29_baseline,True,phase21_fixed_rgb_canvas,phase24_affine_lwir_subpixel_shift_depth_fill_then_morph_close,,"[296, 103]","[280, 115]","Phase29 candidate generated from calibration files, raw RGB/LWIR/depth, Phase24 board-affine geometry, Phase25 depth projection support, and raw-only scene reliability scoring. MM5 aligned images are evaluation-only.",1.0,0.9317578125,0.9317578125,0.8466456532478333,0.882485032081604,1.0,0.9957985362412535,1.029651954572732,0.918829083442688,2.715479612350464,0.9317578125,1.1163124793372912,1.4251751571247064,-0.3527977466583252,1.2940860986709595,0.9317578125,-0.2882418403039078,0.4821361529762874,p29_baseline,board_all_median_floor,affine,affine_lmeds,1496,5.984659671783447,7.825484275817871,"[[0.964242690293037, 0.13137386244365368, -26.99199754875218], [-0.06631033534806513, 0.9894192701549352, 24.920322865264623]]",3.5,2.0,9,True,False,3.0,2,0.1,calibration/def_stereocalib_THERM.yml,calibration/def_thermalcam_ori.yml,640x480,broad_generalization_raw_only_selection,broad,baseline,False,v6,v9,support-v9,strict-selected,research,full,strict,all,19.391030551972904,9.057621955871582,2.4382152557373047,15.67702865600586,12.662924766540527,13.580175399780273,7.821015000343323,2.3795979022979736,13.262432098388672,12.610657691955566,13.439557075500488,11.224750638008118,16.522899866104126,575,5620,3031,3.8673319220542908,28.58678150177002,598,8371,3054,11381,0.03704752604166667,0.5080397153149987,1.0,1.0,0.18891092129347162,134.21473531232581,1646,1752,3089,0.9104714415231188,0.37851731601731603,3054,0.0,0.1678411387400054,0.22,3.12,0.0,0.9230769230769231,double_edge_mismatch,True,selector v6 retained baseline; best raw improvement 0.9551; safety filters rejected candidates (p29_depth_conservative: depth/reflection/edge guard candidates are diagnostic-only by default; p29_reflection_guard: depth/reflection/edge guard candidates are diagnostic-only by default; p29_small_target_guard: LWIR edge growth 1.127 exceeds 1.080; +18 more rejected),291_seq577,p29_baseline,19.391030551972904,2.715479612350464,0.0,True,True,,19.391030551972904,v6_baseline,0.0,0.0,0.0,0.0,1.0,1.0,0.0,0.0,0.0,v6,strict,v6 baseline row; aligned metrics are not used for selection.,p29_v9_support_gated,1.2593350410461426,True,1.4561445713043213,1.4561445713043213,True,evaluation-only candidate ceiling; not used for generation or raw-only selection,risky-pass,64.04239683856791,double-edge/ghost risk,False,False,0.5397179126739502,2.002534866333008,1.0,0.5554347511732945,0.18488031798228277,0.9622490406036377,1.4236809015274048,0.9317578125,1.2130132121960857,1.7287083800107501,0.030249319970607758,3.1802399158477783,0.9317578125,0.04936702996721282,0.2546609966112782,11381,20756,False,,,,,,
296_seq582,296,582,p29_raw_shift_dx4p5_dy1p0_fill,True,phase21_fixed_rgb_canvas,phase23_crop_plus_board_residual_transform,,"[296, 103]","[280, 115]","Phase29 candidate generated from calibration files, raw RGB/LWIR/depth, Phase24 board-affine geometry, Phase25 depth projection support, and raw-only scene reliability scoring. MM5 aligned images are evaluation-only.",1.0,0.9323665364583333,0.9323665364583333,0.8479761481285095,0.8200242519378662,1.0,1.0010165619312879,1.05307039542937,0.9153606295585632,2.7443737983703613,0.9323665364583333,1.108532357465173,1.3975864713122141,-0.3453797399997711,1.383166790008545,0.9323665364583333,-0.28112497002235326,0.4836918047831274,p29_raw_shift_dx4p5_dy1p0_fill,board_all_median_floor,affine,affine_lmeds,1496,5.984659671783447,7.825484275817871,"[[0.964242690293037, 0.13137386244365368, -26.99199754875218], [-0.06631033534806513, 0.9894192701549352, 24.920322865264623]]",4.5,1.0,9,True,False,3.0,2,0.1,calibration/def_stereocalib_THERM.yml,calibration/def_thermalcam_ori.yml,640x480,broad_generalization_raw_only_selection,broad,raw_shift_local,False,v6,v9,support-v9,strict-selected,research,full,strict,all,14.602260139223269,7.244098544120789,2.5064408779144287,11.981756210327148,16.1063289642334,7.169276714324951,5.467300534248352,2.5317070484161377,8.402894020080566,15.925558090209961,7.169276714324951,7.864699959754944,11.702249765396118,274,1811,675,3.202360451221466,23.486310958862305,276,3067,675,2590,0.008430989583333333,1.0,1.0,1.0,0.6140516698172653,61.15823711268538,957,584,1089,0.8720538720538721,0.5395569620253164,675,0.0,0.0,0.0,2.7335421371459963,0.0,0.9230769230769231,weak_target_support,True,selector v6 selected raw_shift_fill via generic_v2; raw_score delta -0.2443; adjusted score 14.7023; selection used raw RGB/LWIR/depth support gates only,296_seq582,p29_baseline,14.846515389854726,3.1907272338867188,0.4463534355163574,True,True,,14.702260139223268,generic_v2,1.0,-1.0,2.0,0.2442552506314577,1.0036363636363637,1.0,0.2319256067276001,0.7478504180908203,-0.11774802207946777,v6,strict,v6 adds strict raw/depth support-gated selection for v9; aligned metrics remain evaluation-only.,p29_v9_depth_thermal,0.8395138382911682,True,1.9048599600791931,2.3512133955955505,True,evaluation-only candidate ceiling; not used for generation or raw-only selection,risky-pass,63.65213972219128,weak target support,False,False,0.00916928518563509,2.081332206726074,1.0,0.03493513085303509,0.2550255927183763,0.9752587676048279,1.057786226272583,0.9323665364583333,1.2153215232898997,1.6427298202847151,0.04914339259266853,1.6510734558105469,0.9323665364583333,0.09105394984024427,0.34544665321626017,2590,5830,False,,,,,,
